<?xml version="1.0" encoding="utf-8"?>
<extension type="package" version="2.5">
    <name>instaImages Package</name>
    <packagename>instaimages</packagename>
    <version>1.2</version>
    <url>http://www.stilero.com</url>
    <author>Daniel Eliasson - joomla at stilero.com</author>
    <creationDate>2012-jul-15</creationDate>
    <copyright>Copyright (c) 2012-jul-15 Stilero Webdesign http://www.stilero.com. All rights reserved.</copyright>
    <authorEmail>joomla@stilero.com</authorEmail>
    <authorUrl>www.stilero.com</authorUrl>
    <packager>Daniel Eliasson - joomla at stilero.com</packager>
    <packagerUrl>www.stilero.com</packagerUrl>
    <description>InstaImages lets you easily use images from Instagram in your Joomla articles.</description>
    <files folder="packages">
        <file type="plugin" id="instaimages" group="editors-xtd">plg_instaimages.zip</file>
        <file type="component" id="instaimages" >com_instaimages.zip</file>
    </files>
</extension>