<?xml version="1.0" encoding="utf-8"?>
<extension type="component" method="upgrade" version="2.5">
    <name>Instaimages</name>
    <creationDate>2012-07-14</creationDate>
    <author>Daniel Eliasson Stilero Webdesign</author>
    <authorEmail>joomla@stilero.com</authorEmail>
    <authorUrl>http://www.stilero.com</authorUrl>
    <copyright>Copyright (C) 2012 Daniel Eliasson Stilero Webdesign. All rights reserved.</copyright>	
    <license>http://www.gnu.org/licenses/gpl-2.0.html GNU/GPL</license>
    <version>1.1</version>
    <description>A component for adding Instagram images to Joomla articles</description>
    <media destination="instaimages" folder="media/instaimages">
        <folder>assets</folder>
    </media>
    <languages folder="admin/language">
            <language tag="en-GB">en-GB.com_instaimages.ini</language>
            <language tag="en-GB">en-GB.com_instaimages.sys.ini</language>

    </languages>
    <administration>
        <menu img="../media/instaimages/assets/images/instaimages-16x16.png" link="index.php?option=com_instaimages">InstaImages</menu>
            <!--
            <submenu>
                <menu  link="option=com_instaimages&amp;view=imagepicker">Imagepicker</menu>
            </submenu>
            -->
            <files folder="admin">
                <filename>config.xml</filename>
                <filename>instaimages.php</filename>
                <filename>controller.php</filename>
                <filename>index.html</filename>
                <filename>access.xml</filename>			
                <folder>assets</folder>
                <folder>elements</folder>		
                <folder>controllers</folder>
                <folder>helpers</folder>
                <folder>lib</folder>
                <folder>models</folder>
                <folder>views</folder>									
            </files>	
        <languages folder="admin/language">
            <language tag="en-GB">en-GB.com_instaimages.ini</language>
            <language tag="en-GB">en-GB.com_instaimages.sys.ini</language>
        </languages>		
    </administration>
</extension>